algoritmo,configuracion,archivo,N,P,corrida,semilla,costoFinal,conflictosMachoMacho,conflictosMachoHembraCelo,enfermosFueraPrimeraFila,tiempoMs,solucionesEvaluadas,temperatura_inicial,temperatura_minima,alpha,iteraciones_por_temperatura
SimulatedAnnealing,T50_a0.5_i2,small_01.txt,3,8,1,42,0,0,0,0,0.482,27,50,0.01,0.5,2
SimulatedAnnealing,T50_a0.5_i2,small_01.txt,3,8,2,7,0,0,0,0,0.39,27,50,0.01,0.5,2
SimulatedAnnealing,T50_a0.5_i2,small_01.txt,3,8,3,13,40,2,0,1,0.378,27,50,0.01,0.5,2
SimulatedAnnealing,T50_a0.5_i2,small_01.txt,3,8,4,99,20,2,0,0,0.369,27,50,0.01,0.5,2
SimulatedAnnealing,T50_a0.5_i2,small_01.txt,3,8,5,1234,30,3,0,0,0.427,27,50,0.01,0.5,2
SimulatedAnnealing,T50_a0.5_i2,small_01.txt,3,8,6,555,0,0,0,0,0.378,27,50,0.01,0.5,2
SimulatedAnnealing,T50_a0.5_i2,small_01.txt,3,8,7,321,20,2,0,0,0.374,27,50,0.01,0.5,2
SimulatedAnnealing,T50_a0.5_i2,small_01.txt,3,8,8,808,20,2,0,0,0.366,27,50,0.01,0.5,2
SimulatedAnnealing,T50_a0.5_i2,small_01.txt,3,8,9,777,40,2,0,1,0.374,27,50,0.01,0.5,2
SimulatedAnnealing,T50_a0.5_i2,small_01.txt,3,8,10,2024,20,2,0,0,0.37,27,50,0.01,0.5,2
SimulatedAnnealing,T50_a0.5_i3,small_01.txt,3,8,1,42,20,2,0,0,0.678,40,50,0.01,0.5,3
SimulatedAnnealing,T50_a0.5_i3,small_01.txt,3,8,2,7,0,0,0,0,0.556,40,50,0.01,0.5,3
SimulatedAnnealing,T50_a0.5_i3,small_01.txt,3,8,3,13,40,2,0,1,0.593,40,50,0.01,0.5,3
SimulatedAnnealing,T50_a0.5_i3,small_01.txt,3,8,4,99,20,2,0,0,0.555,40,50,0.01,0.5,3
SimulatedAnnealing,T50_a0.5_i3,small_01.txt,3,8,5,1234,20,2,0,0,0.545,40,50,0.01,0.5,3
SimulatedAnnealing,T50_a0.5_i3,small_01.txt,3,8,6,555,0,0,0,0,0.56,40,50,0.01,0.5,3
SimulatedAnnealing,T50_a0.5_i3,small_01.txt,3,8,7,321,20,2,0,0,0.55,40,50,0.01,0.5,3
SimulatedAnnealing,T50_a0.5_i3,small_01.txt,3,8,8,808,20,2,0,0,0.542,40,50,0.01,0.5,3
SimulatedAnnealing,T50_a0.5_i3,small_01.txt,3,8,9,777,30,3,0,0,0.539,40,50,0.01,0.5,3
SimulatedAnnealing,T50_a0.5_i3,small_01.txt,3,8,10,2024,40,4,0,0,0.546,40,50,0.01,0.5,3
SimulatedAnnealing,T50_a0.5_i5,small_01.txt,3,8,1,42,20,2,0,0,1.022,66,50,0.01,0.5,5
SimulatedAnnealing,T50_a0.5_i5,small_01.txt,3,8,2,7,20,2,0,0,0.949,66,50,0.01,0.5,5
SimulatedAnnealing,T50_a0.5_i5,small_01.txt,3,8,3,13,0,0,0,0,0.949,66,50,0.01,0.5,5
SimulatedAnnealing,T50_a0.5_i5,small_01.txt,3,8,4,99,20,2,0,0,0.898,66,50,0.01,0.5,5
SimulatedAnnealing,T50_a0.5_i5,small_01.txt,3,8,5,1234,20,2,0,0,0.885,66,50,0.01,0.5,5
SimulatedAnnealing,T50_a0.5_i5,small_01.txt,3,8,6,555,0,0,0,0,0.888,66,50,0.01,0.5,5
SimulatedAnnealing,T50_a0.5_i5,small_01.txt,3,8,7,321,0,0,0,0,0.948,66,50,0.01,0.5,5
SimulatedAnnealing,T50_a0.5_i5,small_01.txt,3,8,8,808,20,2,0,0,0.888,66,50,0.01,0.5,5
SimulatedAnnealing,T50_a0.5_i5,small_01.txt,3,8,9,777,20,2,0,0,0.892,66,50,0.01,0.5,5
SimulatedAnnealing,T50_a0.5_i5,small_01.txt,3,8,10,2024,30,3,0,0,0.946,66,50,0.01,0.5,5
SimulatedAnnealing,T50_a0.7_i2,small_01.txt,3,8,1,42,20,2,0,0,0.909,49,50,0.01,0.7,2
SimulatedAnnealing,T50_a0.7_i2,small_01.txt,3,8,2,7,0,0,0,0,0.719,49,50,0.01,0.7,2
SimulatedAnnealing,T50_a0.7_i2,small_01.txt,3,8,3,13,0,0,0,0,0.678,49,50,0.01,0.7,2
SimulatedAnnealing,T50_a0.7_i2,small_01.txt,3,8,4,99,20,2,0,0,0.724,49,50,0.01,0.7,2
SimulatedAnnealing,T50_a0.7_i2,small_01.txt,3,8,5,1234,20,0,0,1,0.676,49,50,0.01,0.7,2
SimulatedAnnealing,T50_a0.7_i2,small_01.txt,3,8,6,555,0,0,0,0,0.673,49,50,0.01,0.7,2
SimulatedAnnealing,T50_a0.7_i2,small_01.txt,3,8,7,321,20,2,0,0,0.699,49,50,0.01,0.7,2
SimulatedAnnealing,T50_a0.7_i2,small_01.txt,3,8,8,808,20,2,0,0,0.664,49,50,0.01,0.7,2
SimulatedAnnealing,T50_a0.7_i2,small_01.txt,3,8,9,777,20,2,0,0,0.667,49,50,0.01,0.7,2
SimulatedAnnealing,T50_a0.7_i2,small_01.txt,3,8,10,2024,30,3,0,0,0.656,49,50,0.01,0.7,2
SimulatedAnnealing,T50_a0.7_i3,small_01.txt,3,8,1,42,20,2,0,0,1.229,73,50,0.01,0.7,3
SimulatedAnnealing,T50_a0.7_i3,small_01.txt,3,8,2,7,20,2,0,0,1.108,73,50,0.01,0.7,3
SimulatedAnnealing,T50_a0.7_i3,small_01.txt,3,8,3,13,0,0,0,0,1.101,73,50,0.01,0.7,3
SimulatedAnnealing,T50_a0.7_i3,small_01.txt,3,8,4,99,20,2,0,0,0.992,73,50,0.01,0.7,3
SimulatedAnnealing,T50_a0.7_i3,small_01.txt,3,8,5,1234,20,2,0,0,1.079,73,50,0.01,0.7,3
SimulatedAnnealing,T50_a0.7_i3,small_01.txt,3,8,6,555,0,0,0,0,0.97,73,50,0.01,0.7,3
SimulatedAnnealing,T50_a0.7_i3,small_01.txt,3,8,7,321,0,0,0,0,0.992,73,50,0.01,0.7,3
SimulatedAnnealing,T50_a0.7_i3,small_01.txt,3,8,8,808,20,2,0,0,0.993,73,50,0.01,0.7,3
SimulatedAnnealing,T50_a0.7_i3,small_01.txt,3,8,9,777,20,2,0,0,1.098,73,50,0.01,0.7,3
SimulatedAnnealing,T50_a0.7_i3,small_01.txt,3,8,10,2024,30,3,0,0,0.995,73,50,0.01,0.7,3
SimulatedAnnealing,T50_a0.7_i5,small_01.txt,3,8,1,42,30,3,0,0,1.912,121,50,0.01,0.7,5
SimulatedAnnealing,T50_a0.7_i5,small_01.txt,3,8,2,7,0,0,0,0,1.645,121,50,0.01,0.7,5
SimulatedAnnealing,T50_a0.7_i5,small_01.txt,3,8,3,13,0,0,0,0,1.61,121,50,0.01,0.7,5
SimulatedAnnealing,T50_a0.7_i5,small_01.txt,3,8,4,99,0,0,0,0,1.621,121,50,0.01,0.7,5
SimulatedAnnealing,T50_a0.7_i5,small_01.txt,3,8,5,1234,0,0,0,0,1.619,121,50,0.01,0.7,5
SimulatedAnnealing,T50_a0.7_i5,small_01.txt,3,8,6,555,20,2,0,0,1.624,121,50,0.01,0.7,5
SimulatedAnnealing,T50_a0.7_i5,small_01.txt,3,8,7,321,20,2,0,0,1.719,121,50,0.01,0.7,5
SimulatedAnnealing,T50_a0.7_i5,small_01.txt,3,8,8,808,20,2,0,0,2.464,121,50,0.01,0.7,5
SimulatedAnnealing,T50_a0.7_i5,small_01.txt,3,8,9,777,20,2,0,0,2.298,121,50,0.01,0.7,5
SimulatedAnnealing,T50_a0.7_i5,small_01.txt,3,8,10,2024,20,2,0,0,1.626,121,50,0.01,0.7,5
SimulatedAnnealing,T50_a0.9_i2,small_01.txt,3,8,1,42,0,0,0,0,2.28,163,50,0.01,0.9,2
SimulatedAnnealing,T50_a0.9_i2,small_01.txt,3,8,2,7,0,0,0,0,2.245,163,50,0.01,0.9,2
SimulatedAnnealing,T50_a0.9_i2,small_01.txt,3,8,3,13,0,0,0,0,2.182,163,50,0.01,0.9,2
SimulatedAnnealing,T50_a0.9_i2,small_01.txt,3,8,4,99,0,0,0,0,2.16,163,50,0.01,0.9,2
SimulatedAnnealing,T50_a0.9_i2,small_01.txt,3,8,5,1234,0,0,0,0,2.286,163,50,0.01,0.9,2
SimulatedAnnealing,T50_a0.9_i2,small_01.txt,3,8,6,555,0,0,0,0,2.369,163,50,0.01,0.9,2
SimulatedAnnealing,T50_a0.9_i2,small_01.txt,3,8,7,321,0,0,0,0,2.265,163,50,0.01,0.9,2
SimulatedAnnealing,T50_a0.9_i2,small_01.txt,3,8,8,808,0,0,0,0,2.653,163,50,0.01,0.9,2
SimulatedAnnealing,T50_a0.9_i2,small_01.txt,3,8,9,777,0,0,0,0,2.29,163,50,0.01,0.9,2
SimulatedAnnealing,T50_a0.9_i2,small_01.txt,3,8,10,2024,20,2,0,0,2.171,163,50,0.01,0.9,2
SimulatedAnnealing,T50_a0.9_i3,small_01.txt,3,8,1,42,20,2,0,0,3.334,244,50,0.01,0.9,3
SimulatedAnnealing,T50_a0.9_i3,small_01.txt,3,8,2,7,20,2,0,0,3.76,244,50,0.01,0.9,3
SimulatedAnnealing,T50_a0.9_i3,small_01.txt,3,8,3,13,0,0,0,0,3.701,244,50,0.01,0.9,3
SimulatedAnnealing,T50_a0.9_i3,small_01.txt,3,8,4,99,0,0,0,0,3.764,244,50,0.01,0.9,3
SimulatedAnnealing,T50_a0.9_i3,small_01.txt,3,8,5,1234,0,0,0,0,3.245,244,50,0.01,0.9,3
SimulatedAnnealing,T50_a0.9_i3,small_01.txt,3,8,6,555,0,0,0,0,3.414,244,50,0.01,0.9,3
SimulatedAnnealing,T50_a0.9_i3,small_01.txt,3,8,7,321,20,2,0,0,3.513,244,50,0.01,0.9,3
SimulatedAnnealing,T50_a0.9_i3,small_01.txt,3,8,8,808,0,0,0,0,3.971,244,50,0.01,0.9,3
SimulatedAnnealing,T50_a0.9_i3,small_01.txt,3,8,9,777,20,2,0,0,3.288,244,50,0.01,0.9,3
SimulatedAnnealing,T50_a0.9_i3,small_01.txt,3,8,10,2024,0,0,0,0,3.257,244,50,0.01,0.9,3
SimulatedAnnealing,T50_a0.9_i5,small_01.txt,3,8,1,42,0,0,0,0,6.373,406,50,0.01,0.9,5
SimulatedAnnealing,T50_a0.9_i5,small_01.txt,3,8,2,7,0,0,0,0,5.504,406,50,0.01,0.9,5
SimulatedAnnealing,T50_a0.9_i5,small_01.txt,3,8,3,13,0,0,0,0,5.782,406,50,0.01,0.9,5
SimulatedAnnealing,T50_a0.9_i5,small_01.txt,3,8,4,99,0,0,0,0,5.531,406,50,0.01,0.9,5
SimulatedAnnealing,T50_a0.9_i5,small_01.txt,3,8,5,1234,0,0,0,0,5.692,406,50,0.01,0.9,5
SimulatedAnnealing,T50_a0.9_i5,small_01.txt,3,8,6,555,0,0,0,0,5.76,406,50,0.01,0.9,5
SimulatedAnnealing,T50_a0.9_i5,small_01.txt,3,8,7,321,0,0,0,0,5.839,406,50,0.01,0.9,5
SimulatedAnnealing,T50_a0.9_i5,small_01.txt,3,8,8,808,0,0,0,0,5.357,406,50,0.01,0.9,5
SimulatedAnnealing,T50_a0.9_i5,small_01.txt,3,8,9,777,0,0,0,0,5.48,406,50,0.01,0.9,5
SimulatedAnnealing,T50_a0.9_i5,small_01.txt,3,8,10,2024,0,0,0,0,5.389,406,50,0.01,0.9,5
SimulatedAnnealing,T100_a0.5_i2,small_01.txt,3,8,1,42,20,2,0,0,0.541,29,100,0.01,0.5,2
SimulatedAnnealing,T100_a0.5_i2,small_01.txt,3,8,2,7,0,0,0,0,0.519,29,100,0.01,0.5,2
SimulatedAnnealing,T100_a0.5_i2,small_01.txt,3,8,3,13,40,2,0,1,0.411,29,100,0.01,0.5,2
SimulatedAnnealing,T100_a0.5_i2,small_01.txt,3,8,4,99,20,2,0,0,0.398,29,100,0.01,0.5,2
SimulatedAnnealing,T100_a0.5_i2,small_01.txt,3,8,5,1234,30,3,0,0,0.4,29,100,0.01,0.5,2
SimulatedAnnealing,T100_a0.5_i2,small_01.txt,3,8,6,555,0,0,0,0,0.399,29,100,0.01,0.5,2
SimulatedAnnealing,T100_a0.5_i2,small_01.txt,3,8,7,321,20,2,0,0,0.4,29,100,0.01,0.5,2
SimulatedAnnealing,T100_a0.5_i2,small_01.txt,3,8,8,808,20,2,0,0,0.397,29,100,0.01,0.5,2
SimulatedAnnealing,T100_a0.5_i2,small_01.txt,3,8,9,777,20,2,0,0,0.395,29,100,0.01,0.5,2
SimulatedAnnealing,T100_a0.5_i2,small_01.txt,3,8,10,2024,40,4,0,0,0.398,29,100,0.01,0.5,2
SimulatedAnnealing,T100_a0.5_i3,small_01.txt,3,8,1,42,20,2,0,0,0.856,43,100,0.01,0.5,3
SimulatedAnnealing,T100_a0.5_i3,small_01.txt,3,8,2,7,0,0,0,0,0.702,43,100,0.01,0.5,3
SimulatedAnnealing,T100_a0.5_i3,small_01.txt,3,8,3,13,40,2,0,1,0.594,43,100,0.01,0.5,3
SimulatedAnnealing,T100_a0.5_i3,small_01.txt,3,8,4,99,20,2,0,0,0.583,43,100,0.01,0.5,3
SimulatedAnnealing,T100_a0.5_i3,small_01.txt,3,8,5,1234,30,3,0,0,0.724,43,100,0.01,0.5,3
SimulatedAnnealing,T100_a0.5_i3,small_01.txt,3,8,6,555,0,0,0,0,0.734,43,100,0.01,0.5,3
SimulatedAnnealing,T100_a0.5_i3,small_01.txt,3,8,7,321,20,2,0,0,0.6,43,100,0.01,0.5,3
SimulatedAnnealing,T100_a0.5_i3,small_01.txt,3,8,8,808,20,2,0,0,0.584,43,100,0.01,0.5,3
SimulatedAnnealing,T100_a0.5_i3,small_01.txt,3,8,9,777,0,0,0,0,0.741,43,100,0.01,0.5,3
SimulatedAnnealing,T100_a0.5_i3,small_01.txt,3,8,10,2024,40,4,0,0,0.588,43,100,0.01,0.5,3
SimulatedAnnealing,T100_a0.5_i5,small_01.txt,3,8,1,42,20,2,0,0,1.111,71,100,0.01,0.5,5
SimulatedAnnealing,T100_a0.5_i5,small_01.txt,3,8,2,7,20,2,0,0,1.119,71,100,0.01,0.5,5
SimulatedAnnealing,T100_a0.5_i5,small_01.txt,3,8,3,13,20,2,0,0,1.007,71,100,0.01,0.5,5
SimulatedAnnealing,T100_a0.5_i5,small_01.txt,3,8,4,99,20,2,0,0,1.019,71,100,0.01,0.5,5
SimulatedAnnealing,T100_a0.5_i5,small_01.txt,3,8,5,1234,20,2,0,0,1.035,71,100,0.01,0.5,5
SimulatedAnnealing,T100_a0.5_i5,small_01.txt,3,8,6,555,0,0,0,0,1.054,71,100,0.01,0.5,5
SimulatedAnnealing,T100_a0.5_i5,small_01.txt,3,8,7,321,20,2,0,0,0.983,71,100,0.01,0.5,5
SimulatedAnnealing,T100_a0.5_i5,small_01.txt,3,8,8,808,20,2,0,0,1.008,71,100,0.01,0.5,5
SimulatedAnnealing,T100_a0.5_i5,small_01.txt,3,8,9,777,0,0,0,0,1.292,71,100,0.01,0.5,5
SimulatedAnnealing,T100_a0.5_i5,small_01.txt,3,8,10,2024,20,2,0,0,0.965,71,100,0.01,0.5,5
SimulatedAnnealing,T100_a0.7_i2,small_01.txt,3,8,1,42,20,2,0,0,0.874,53,100,0.01,0.7,2
SimulatedAnnealing,T100_a0.7_i2,small_01.txt,3,8,2,7,20,2,0,0,0.728,53,100,0.01,0.7,2
SimulatedAnnealing,T100_a0.7_i2,small_01.txt,3,8,3,13,0,0,0,0,0.8,53,100,0.01,0.7,2
SimulatedAnnealing,T100_a0.7_i2,small_01.txt,3,8,4,99,20,2,0,0,0.733,53,100,0.01,0.7,2
SimulatedAnnealing,T100_a0.7_i2,small_01.txt,3,8,5,1234,20,2,0,0,0.725,53,100,0.01,0.7,2
SimulatedAnnealing,T100_a0.7_i2,small_01.txt,3,8,6,555,0,0,0,0,0.716,53,100,0.01,0.7,2
SimulatedAnnealing,T100_a0.7_i2,small_01.txt,3,8,7,321,20,2,0,0,0.777,53,100,0.01,0.7,2
SimulatedAnnealing,T100_a0.7_i2,small_01.txt,3,8,8,808,20,2,0,0,0.728,53,100,0.01,0.7,2
SimulatedAnnealing,T100_a0.7_i2,small_01.txt,3,8,9,777,0,0,0,0,0.719,53,100,0.01,0.7,2
SimulatedAnnealing,T100_a0.7_i2,small_01.txt,3,8,10,2024,30,3,0,0,0.715,53,100,0.01,0.7,2
SimulatedAnnealing,T100_a0.7_i3,small_01.txt,3,8,1,42,30,3,0,0,1.299,79,100,0.01,0.7,3
SimulatedAnnealing,T100_a0.7_i3,small_01.txt,3,8,2,7,0,0,0,0,1.298,79,100,0.01,0.7,3
SimulatedAnnealing,T100_a0.7_i3,small_01.txt,3,8,3,13,20,2,0,0,1.109,79,100,0.01,0.7,3
SimulatedAnnealing,T100_a0.7_i3,small_01.txt,3,8,4,99,20,2,0,0,1.055,79,100,0.01,0.7,3
SimulatedAnnealing,T100_a0.7_i3,small_01.txt,3,8,5,1234,20,2,0,0,1.063,79,100,0.01,0.7,3
SimulatedAnnealing,T100_a0.7_i3,small_01.txt,3,8,6,555,20,2,0,0,1.059,79,100,0.01,0.7,3
SimulatedAnnealing,T100_a0.7_i3,small_01.txt,3,8,7,321,20,2,0,0,1.06,79,100,0.01,0.7,3
SimulatedAnnealing,T100_a0.7_i3,small_01.txt,3,8,8,808,20,2,0,0,1.057,79,100,0.01,0.7,3
SimulatedAnnealing,T100_a0.7_i3,small_01.txt,3,8,9,777,0,0,0,0,1.058,79,100,0.01,0.7,3
SimulatedAnnealing,T100_a0.7_i3,small_01.txt,3,8,10,2024,0,0,0,0,1.062,79,100,0.01,0.7,3
SimulatedAnnealing,T100_a0.7_i5,small_01.txt,3,8,1,42,20,2,0,0,2.21,131,100,0.01,0.7,5
SimulatedAnnealing,T100_a0.7_i5,small_01.txt,3,8,2,7,20,2,0,0,1.823,131,100,0.01,0.7,5
SimulatedAnnealing,T100_a0.7_i5,small_01.txt,3,8,3,13,20,2,0,0,1.755,131,100,0.01,0.7,5
SimulatedAnnealing,T100_a0.7_i5,small_01.txt,3,8,4,99,0,0,0,0,1.731,131,100,0.01,0.7,5
SimulatedAnnealing,T100_a0.7_i5,small_01.txt,3,8,5,1234,0,0,0,0,1.736,131,100,0.01,0.7,5
SimulatedAnnealing,T100_a0.7_i5,small_01.txt,3,8,6,555,0,0,0,0,1.734,131,100,0.01,0.7,5
SimulatedAnnealing,T100_a0.7_i5,small_01.txt,3,8,7,321,0,0,0,0,1.736,131,100,0.01,0.7,5
SimulatedAnnealing,T100_a0.7_i5,small_01.txt,3,8,8,808,20,2,0,0,1.734,131,100,0.01,0.7,5
SimulatedAnnealing,T100_a0.7_i5,small_01.txt,3,8,9,777,0,0,0,0,1.736,131,100,0.01,0.7,5
SimulatedAnnealing,T100_a0.7_i5,small_01.txt,3,8,10,2024,0,0,0,0,1.741,131,100,0.01,0.7,5
SimulatedAnnealing,T100_a0.9_i2,small_01.txt,3,8,1,42,20,2,0,0,2.479,177,100,0.01,0.9,2
SimulatedAnnealing,T100_a0.9_i2,small_01.txt,3,8,2,7,20,2,0,0,2.374,177,100,0.01,0.9,2
SimulatedAnnealing,T100_a0.9_i2,small_01.txt,3,8,3,13,0,0,0,0,2.37,177,100,0.01,0.9,2
SimulatedAnnealing,T100_a0.9_i2,small_01.txt,3,8,4,99,20,2,0,0,2.37,177,100,0.01,0.9,2
SimulatedAnnealing,T100_a0.9_i2,small_01.txt,3,8,5,1234,0,0,0,0,2.391,177,100,0.01,0.9,2
SimulatedAnnealing,T100_a0.9_i2,small_01.txt,3,8,6,555,0,0,0,0,2.383,177,100,0.01,0.9,2
SimulatedAnnealing,T100_a0.9_i2,small_01.txt,3,8,7,321,20,2,0,0,2.585,177,100,0.01,0.9,2
SimulatedAnnealing,T100_a0.9_i2,small_01.txt,3,8,8,808,20,2,0,0,2.384,177,100,0.01,0.9,2
SimulatedAnnealing,T100_a0.9_i2,small_01.txt,3,8,9,777,20,2,0,0,2.386,177,100,0.01,0.9,2
SimulatedAnnealing,T100_a0.9_i2,small_01.txt,3,8,10,2024,0,0,0,0,2.413,177,100,0.01,0.9,2
SimulatedAnnealing,T100_a0.9_i3,small_01.txt,3,8,1,42,0,0,0,0,3.756,265,100,0.01,0.9,3
SimulatedAnnealing,T100_a0.9_i3,small_01.txt,3,8,2,7,0,0,0,0,3.538,265,100,0.01,0.9,3
SimulatedAnnealing,T100_a0.9_i3,small_01.txt,3,8,3,13,0,0,0,0,3.59,265,100,0.01,0.9,3
SimulatedAnnealing,T100_a0.9_i3,small_01.txt,3,8,4,99,0,0,0,0,3.533,265,100,0.01,0.9,3
SimulatedAnnealing,T100_a0.9_i3,small_01.txt,3,8,5,1234,0,0,0,0,3.519,265,100,0.01,0.9,3
SimulatedAnnealing,T100_a0.9_i3,small_01.txt,3,8,6,555,0,0,0,0,3.523,265,100,0.01,0.9,3
SimulatedAnnealing,T100_a0.9_i3,small_01.txt,3,8,7,321,0,0,0,0,3.511,265,100,0.01,0.9,3
SimulatedAnnealing,T100_a0.9_i3,small_01.txt,3,8,8,808,0,0,0,0,3.544,265,100,0.01,0.9,3
SimulatedAnnealing,T100_a0.9_i3,small_01.txt,3,8,9,777,0,0,0,0,3.588,265,100,0.01,0.9,3
SimulatedAnnealing,T100_a0.9_i3,small_01.txt,3,8,10,2024,20,2,0,0,3.52,265,100,0.01,0.9,3
SimulatedAnnealing,T100_a0.9_i5,small_01.txt,3,8,1,42,20,2,0,0,6.186,441,100,0.01,0.9,5
SimulatedAnnealing,T100_a0.9_i5,small_01.txt,3,8,2,7,0,0,0,0,5.932,441,100,0.01,0.9,5
SimulatedAnnealing,T100_a0.9_i5,small_01.txt,3,8,3,13,0,0,0,0,5.952,441,100,0.01,0.9,5
SimulatedAnnealing,T100_a0.9_i5,small_01.txt,3,8,4,99,0,0,0,0,6.185,441,100,0.01,0.9,5
SimulatedAnnealing,T100_a0.9_i5,small_01.txt,3,8,5,1234,0,0,0,0,6.214,441,100,0.01,0.9,5
SimulatedAnnealing,T100_a0.9_i5,small_01.txt,3,8,6,555,0,0,0,0,5.978,441,100,0.01,0.9,5
SimulatedAnnealing,T100_a0.9_i5,small_01.txt,3,8,7,321,0,0,0,0,6.239,441,100,0.01,0.9,5
SimulatedAnnealing,T100_a0.9_i5,small_01.txt,3,8,8,808,0,0,0,0,6.26,441,100,0.01,0.9,5
SimulatedAnnealing,T100_a0.9_i5,small_01.txt,3,8,9,777,0,0,0,0,5.856,441,100,0.01,0.9,5
SimulatedAnnealing,T100_a0.9_i5,small_01.txt,3,8,10,2024,20,2,0,0,6.104,441,100,0.01,0.9,5
SimulatedAnnealing,T200_a0.5_i2,small_01.txt,3,8,1,42,20,2,0,0,0.52,31,200,0.01,0.5,2
SimulatedAnnealing,T200_a0.5_i2,small_01.txt,3,8,2,7,0,0,0,0,0.43,31,200,0.01,0.5,2
SimulatedAnnealing,T200_a0.5_i2,small_01.txt,3,8,3,13,20,2,0,0,0.423,31,200,0.01,0.5,2
SimulatedAnnealing,T200_a0.5_i2,small_01.txt,3,8,4,99,20,2,0,0,0.426,31,200,0.01,0.5,2
SimulatedAnnealing,T200_a0.5_i2,small_01.txt,3,8,5,1234,20,0,0,1,0.43,31,200,0.01,0.5,2
SimulatedAnnealing,T200_a0.5_i2,small_01.txt,3,8,6,555,0,0,0,0,0.422,31,200,0.01,0.5,2
SimulatedAnnealing,T200_a0.5_i2,small_01.txt,3,8,7,321,0,0,0,0,0.445,31,200,0.01,0.5,2
SimulatedAnnealing,T200_a0.5_i2,small_01.txt,3,8,8,808,20,2,0,0,0.423,31,200,0.01,0.5,2
SimulatedAnnealing,T200_a0.5_i2,small_01.txt,3,8,9,777,20,2,0,0,0.431,31,200,0.01,0.5,2
SimulatedAnnealing,T200_a0.5_i2,small_01.txt,3,8,10,2024,40,4,0,0,0.423,31,200,0.01,0.5,2
SimulatedAnnealing,T200_a0.5_i3,small_01.txt,3,8,1,42,20,2,0,0,0.808,46,200,0.01,0.5,3
SimulatedAnnealing,T200_a0.5_i3,small_01.txt,3,8,2,7,20,2,0,0,0.636,46,200,0.01,0.5,3
SimulatedAnnealing,T200_a0.5_i3,small_01.txt,3,8,3,13,20,2,0,0,0.633,46,200,0.01,0.5,3
SimulatedAnnealing,T200_a0.5_i3,small_01.txt,3,8,4,99,20,2,0,0,0.633,46,200,0.01,0.5,3
SimulatedAnnealing,T200_a0.5_i3,small_01.txt,3,8,5,1234,30,3,0,0,0.628,46,200,0.01,0.5,3
SimulatedAnnealing,T200_a0.5_i3,small_01.txt,3,8,6,555,0,0,0,0,0.621,46,200,0.01,0.5,3
SimulatedAnnealing,T200_a0.5_i3,small_01.txt,3,8,7,321,20,2,0,0,0.627,46,200,0.01,0.5,3
SimulatedAnnealing,T200_a0.5_i3,small_01.txt,3,8,8,808,20,2,0,0,0.624,46,200,0.01,0.5,3
SimulatedAnnealing,T200_a0.5_i3,small_01.txt,3,8,9,777,0,0,0,0,0.647,46,200,0.01,0.5,3
SimulatedAnnealing,T200_a0.5_i3,small_01.txt,3,8,10,2024,20,2,0,0,0.628,46,200,0.01,0.5,3
SimulatedAnnealing,T200_a0.5_i5,small_01.txt,3,8,1,42,30,3,0,0,1.301,76,200,0.01,0.5,5
SimulatedAnnealing,T200_a0.5_i5,small_01.txt,3,8,2,7,20,2,0,0,1.083,76,200,0.01,0.5,5
SimulatedAnnealing,T200_a0.5_i5,small_01.txt,3,8,3,13,20,2,0,0,1.302,76,200,0.01,0.5,5
SimulatedAnnealing,T200_a0.5_i5,small_01.txt,3,8,4,99,0,0,0,0,1.02,76,200,0.01,0.5,5
SimulatedAnnealing,T200_a0.5_i5,small_01.txt,3,8,5,1234,0,0,0,0,1.328,76,200,0.01,0.5,5
SimulatedAnnealing,T200_a0.5_i5,small_01.txt,3,8,6,555,0,0,0,0,1.122,76,200,0.01,0.5,5
SimulatedAnnealing,T200_a0.5_i5,small_01.txt,3,8,7,321,20,2,0,0,1.035,76,200,0.01,0.5,5
SimulatedAnnealing,T200_a0.5_i5,small_01.txt,3,8,8,808,20,2,0,0,1.018,76,200,0.01,0.5,5
SimulatedAnnealing,T200_a0.5_i5,small_01.txt,3,8,9,777,0,0,0,0,1.032,76,200,0.01,0.5,5
SimulatedAnnealing,T200_a0.5_i5,small_01.txt,3,8,10,2024,20,2,0,0,1.021,76,200,0.01,0.5,5
SimulatedAnnealing,T200_a0.7_i2,small_01.txt,3,8,1,42,20,2,0,0,0.947,57,200,0.01,0.7,2
SimulatedAnnealing,T200_a0.7_i2,small_01.txt,3,8,2,7,20,2,0,0,0.864,57,200,0.01,0.7,2
SimulatedAnnealing,T200_a0.7_i2,small_01.txt,3,8,3,13,20,2,0,0,0.953,57,200,0.01,0.7,2
SimulatedAnnealing,T200_a0.7_i2,small_01.txt,3,8,4,99,20,2,0,0,0.781,57,200,0.01,0.7,2
SimulatedAnnealing,T200_a0.7_i2,small_01.txt,3,8,5,1234,20,2,0,0,0.771,57,200,0.01,0.7,2
SimulatedAnnealing,T200_a0.7_i2,small_01.txt,3,8,6,555,0,0,0,0,0.762,57,200,0.01,0.7,2
SimulatedAnnealing,T200_a0.7_i2,small_01.txt,3,8,7,321,20,2,0,0,0.794,57,200,0.01,0.7,2
SimulatedAnnealing,T200_a0.7_i2,small_01.txt,3,8,8,808,20,2,0,0,0.771,57,200,0.01,0.7,2
SimulatedAnnealing,T200_a0.7_i2,small_01.txt,3,8,9,777,0,0,0,0,0.773,57,200,0.01,0.7,2
SimulatedAnnealing,T200_a0.7_i2,small_01.txt,3,8,10,2024,20,2,0,0,0.765,57,200,0.01,0.7,2
SimulatedAnnealing,T200_a0.7_i3,small_01.txt,3,8,1,42,30,3,0,0,1.392,85,200,0.01,0.7,3
SimulatedAnnealing,T200_a0.7_i3,small_01.txt,3,8,2,7,20,2,0,0,1.227,85,200,0.01,0.7,3
SimulatedAnnealing,T200_a0.7_i3,small_01.txt,3,8,3,13,20,2,0,0,1.165,85,200,0.01,0.7,3
SimulatedAnnealing,T200_a0.7_i3,small_01.txt,3,8,4,99,0,0,0,0,1.131,85,200,0.01,0.7,3
SimulatedAnnealing,T200_a0.7_i3,small_01.txt,3,8,5,1234,0,0,0,0,1.14,85,200,0.01,0.7,3
SimulatedAnnealing,T200_a0.7_i3,small_01.txt,3,8,6,555,0,0,0,0,1.135,85,200,0.01,0.7,3
SimulatedAnnealing,T200_a0.7_i3,small_01.txt,3,8,7,321,0,0,0,0,1.14,85,200,0.01,0.7,3
SimulatedAnnealing,T200_a0.7_i3,small_01.txt,3,8,8,808,20,2,0,0,1.133,85,200,0.01,0.7,3
SimulatedAnnealing,T200_a0.7_i3,small_01.txt,3,8,9,777,0,0,0,0,1.127,85,200,0.01,0.7,3
SimulatedAnnealing,T200_a0.7_i3,small_01.txt,3,8,10,2024,20,2,0,0,1.13,85,200,0.01,0.7,3
SimulatedAnnealing,T200_a0.7_i5,small_01.txt,3,8,1,42,20,2,0,0,2.256,141,200,0.01,0.7,5
SimulatedAnnealing,T200_a0.7_i5,small_01.txt,3,8,2,7,20,2,0,0,2.185,141,200,0.01,0.7,5
SimulatedAnnealing,T200_a0.7_i5,small_01.txt,3,8,3,13,0,0,0,0,2.026,141,200,0.01,0.7,5
SimulatedAnnealing,T200_a0.7_i5,small_01.txt,3,8,4,99,0,0,0,0,2.264,141,200,0.01,0.7,5
SimulatedAnnealing,T200_a0.7_i5,small_01.txt,3,8,5,1234,0,0,0,0,1.879,141,200,0.01,0.7,5
SimulatedAnnealing,T200_a0.7_i5,small_01.txt,3,8,6,555,0,0,0,0,1.881,141,200,0.01,0.7,5
SimulatedAnnealing,T200_a0.7_i5,small_01.txt,3,8,7,321,0,0,0,0,1.866,141,200,0.01,0.7,5
SimulatedAnnealing,T200_a0.7_i5,small_01.txt,3,8,8,808,20,2,0,0,1.854,141,200,0.01,0.7,5
SimulatedAnnealing,T200_a0.7_i5,small_01.txt,3,8,9,777,20,2,0,0,2.011,141,200,0.01,0.7,5
SimulatedAnnealing,T200_a0.7_i5,small_01.txt,3,8,10,2024,0,0,0,0,2.062,141,200,0.01,0.7,5
SimulatedAnnealing,T200_a0.9_i2,small_01.txt,3,8,1,42,20,2,0,0,2.666,189,200,0.01,0.9,2
SimulatedAnnealing,T200_a0.9_i2,small_01.txt,3,8,2,7,20,2,0,0,2.514,189,200,0.01,0.9,2
SimulatedAnnealing,T200_a0.9_i2,small_01.txt,3,8,3,13,0,0,0,0,2.493,189,200,0.01,0.9,2
SimulatedAnnealing,T200_a0.9_i2,small_01.txt,3,8,4,99,0,0,0,0,2.493,189,200,0.01,0.9,2
SimulatedAnnealing,T200_a0.9_i2,small_01.txt,3,8,5,1234,0,0,0,0,2.499,189,200,0.01,0.9,2
SimulatedAnnealing,T200_a0.9_i2,small_01.txt,3,8,6,555,0,0,0,0,2.558,189,200,0.01,0.9,2
SimulatedAnnealing,T200_a0.9_i2,small_01.txt,3,8,7,321,0,0,0,0,2.494,189,200,0.01,0.9,2
SimulatedAnnealing,T200_a0.9_i2,small_01.txt,3,8,8,808,0,0,0,0,2.495,189,200,0.01,0.9,2
SimulatedAnnealing,T200_a0.9_i2,small_01.txt,3,8,9,777,0,0,0,0,2.52,189,200,0.01,0.9,2
SimulatedAnnealing,T200_a0.9_i2,small_01.txt,3,8,10,2024,0,0,0,0,2.508,189,200,0.01,0.9,2
SimulatedAnnealing,T200_a0.9_i3,small_01.txt,3,8,1,42,0,0,0,0,4.296,283,200,0.01,0.9,3
SimulatedAnnealing,T200_a0.9_i3,small_01.txt,3,8,2,7,20,2,0,0,3.886,283,200,0.01,0.9,3
SimulatedAnnealing,T200_a0.9_i3,small_01.txt,3,8,3,13,20,2,0,0,3.788,283,200,0.01,0.9,3
SimulatedAnnealing,T200_a0.9_i3,small_01.txt,3,8,4,99,20,2,0,0,3.793,283,200,0.01,0.9,3
SimulatedAnnealing,T200_a0.9_i3,small_01.txt,3,8,5,1234,20,2,0,0,3.791,283,200,0.01,0.9,3
SimulatedAnnealing,T200_a0.9_i3,small_01.txt,3,8,6,555,0,0,0,0,4.014,283,200,0.01,0.9,3
SimulatedAnnealing,T200_a0.9_i3,small_01.txt,3,8,7,321,0,0,0,0,3.82,283,200,0.01,0.9,3
SimulatedAnnealing,T200_a0.9_i3,small_01.txt,3,8,8,808,0,0,0,0,3.767,283,200,0.01,0.9,3
SimulatedAnnealing,T200_a0.9_i3,small_01.txt,3,8,9,777,20,2,0,0,3.786,283,200,0.01,0.9,3
SimulatedAnnealing,T200_a0.9_i3,small_01.txt,3,8,10,2024,0,0,0,0,3.779,283,200,0.01,0.9,3
SimulatedAnnealing,T200_a0.9_i5,small_01.txt,3,8,1,42,0,0,0,0,6.625,471,200,0.01,0.9,5
SimulatedAnnealing,T200_a0.9_i5,small_01.txt,3,8,2,7,0,0,0,0,6.236,471,200,0.01,0.9,5
SimulatedAnnealing,T200_a0.9_i5,small_01.txt,3,8,3,13,0,0,0,0,6.485,471,200,0.01,0.9,5
SimulatedAnnealing,T200_a0.9_i5,small_01.txt,3,8,4,99,0,0,0,0,6.271,471,200,0.01,0.9,5
SimulatedAnnealing,T200_a0.9_i5,small_01.txt,3,8,5,1234,0,0,0,0,6.246,471,200,0.01,0.9,5
SimulatedAnnealing,T200_a0.9_i5,small_01.txt,3,8,6,555,0,0,0,0,6.288,471,200,0.01,0.9,5
SimulatedAnnealing,T200_a0.9_i5,small_01.txt,3,8,7,321,0,0,0,0,6.246,471,200,0.01,0.9,5
SimulatedAnnealing,T200_a0.9_i5,small_01.txt,3,8,8,808,0,0,0,0,6.496,471,200,0.01,0.9,5
SimulatedAnnealing,T200_a0.9_i5,small_01.txt,3,8,9,777,0,0,0,0,6.375,471,200,0.01,0.9,5
SimulatedAnnealing,T200_a0.9_i5,small_01.txt,3,8,10,2024,20,2,0,0,6.387,471,200,0.01,0.9,5
SimulatedAnnealing,T50_a0.5_i2,small_02.txt,3,8,1,42,40,4,0,0,0.518,27,50,0.01,0.5,2
SimulatedAnnealing,T50_a0.5_i2,small_02.txt,3,8,2,7,50,3,0,1,0.382,27,50,0.01,0.5,2
SimulatedAnnealing,T50_a0.5_i2,small_02.txt,3,8,3,13,40,4,0,0,0.38,27,50,0.01,0.5,2
SimulatedAnnealing,T50_a0.5_i2,small_02.txt,3,8,4,99,40,4,0,0,0.37,27,50,0.01,0.5,2
SimulatedAnnealing,T50_a0.5_i2,small_02.txt,3,8,5,1234,50,3,0,1,0.375,27,50,0.01,0.5,2
SimulatedAnnealing,T50_a0.5_i2,small_02.txt,3,8,6,555,40,4,0,0,0.369,27,50,0.01,0.5,2
SimulatedAnnealing,T50_a0.5_i2,small_02.txt,3,8,7,321,30,3,0,0,0.371,27,50,0.01,0.5,2
SimulatedAnnealing,T50_a0.5_i2,small_02.txt,3,8,8,808,40,4,0,0,0.367,27,50,0.01,0.5,2
SimulatedAnnealing,T50_a0.5_i2,small_02.txt,3,8,9,777,40,4,0,0,0.374,27,50,0.01,0.5,2
SimulatedAnnealing,T50_a0.5_i2,small_02.txt,3,8,10,2024,40,4,0,0,0.378,27,50,0.01,0.5,2
SimulatedAnnealing,T50_a0.5_i3,small_02.txt,3,8,1,42,40,4,0,0,0.718,40,50,0.01,0.5,3
SimulatedAnnealing,T50_a0.5_i3,small_02.txt,3,8,2,7,40,4,0,0,0.641,40,50,0.01,0.5,3
SimulatedAnnealing,T50_a0.5_i3,small_02.txt,3,8,3,13,30,3,0,0,0.623,40,50,0.01,0.5,3
SimulatedAnnealing,T50_a0.5_i3,small_02.txt,3,8,4,99,40,4,0,0,0.665,40,50,0.01,0.5,3
SimulatedAnnealing,T50_a0.5_i3,small_02.txt,3,8,5,1234,40,4,0,0,0.642,40,50,0.01,0.5,3
SimulatedAnnealing,T50_a0.5_i3,small_02.txt,3,8,6,555,40,4,0,0,0.554,40,50,0.01,0.5,3
SimulatedAnnealing,T50_a0.5_i3,small_02.txt,3,8,7,321,30,3,0,0,0.555,40,50,0.01,0.5,3
SimulatedAnnealing,T50_a0.5_i3,small_02.txt,3,8,8,808,40,4,0,0,0.543,40,50,0.01,0.5,3
SimulatedAnnealing,T50_a0.5_i3,small_02.txt,3,8,9,777,40,4,0,0,0.549,40,50,0.01,0.5,3
SimulatedAnnealing,T50_a0.5_i3,small_02.txt,3,8,10,2024,40,4,0,0,0.59,40,50,0.01,0.5,3
SimulatedAnnealing,T50_a0.5_i5,small_02.txt,3,8,1,42,40,4,0,0,1.168,66,50,0.01,0.5,5
SimulatedAnnealing,T50_a0.5_i5,small_02.txt,3,8,2,7,40,4,0,0,1.073,66,50,0.01,0.5,5
SimulatedAnnealing,T50_a0.5_i5,small_02.txt,3,8,3,13,40,4,0,0,0.915,66,50,0.01,0.5,5
SimulatedAnnealing,T50_a0.5_i5,small_02.txt,3,8,4,99,40,4,0,0,1.023,66,50,0.01,0.5,5
SimulatedAnnealing,T50_a0.5_i5,small_02.txt,3,8,5,1234,40,4,0,0,1.018,66,50,0.01,0.5,5
SimulatedAnnealing,T50_a0.5_i5,small_02.txt,3,8,6,555,40,4,0,0,0.974,66,50,0.01,0.5,5
SimulatedAnnealing,T50_a0.5_i5,small_02.txt,3,8,7,321,30,3,0,0,1.24,66,50,0.01,0.5,5
SimulatedAnnealing,T50_a0.5_i5,small_02.txt,3,8,8,808,30,3,0,0,0.889,66,50,0.01,0.5,5
SimulatedAnnealing,T50_a0.5_i5,small_02.txt,3,8,9,777,40,4,0,0,0.892,66,50,0.01,0.5,5
SimulatedAnnealing,T50_a0.5_i5,small_02.txt,3,8,10,2024,40,4,0,0,0.896,66,50,0.01,0.5,5
SimulatedAnnealing,T50_a0.7_i2,small_02.txt,3,8,1,42,40,4,0,0,0.807,49,50,0.01,0.7,2
SimulatedAnnealing,T50_a0.7_i2,small_02.txt,3,8,2,7,40,4,0,0,0.681,49,50,0.01,0.7,2
SimulatedAnnealing,T50_a0.7_i2,small_02.txt,3,8,3,13,30,3,0,0,0.738,49,50,0.01,0.7,2
SimulatedAnnealing,T50_a0.7_i2,small_02.txt,3,8,4,99,40,4,0,0,0.674,49,50,0.01,0.7,2
SimulatedAnnealing,T50_a0.7_i2,small_02.txt,3,8,5,1234,30,3,0,0,0.671,49,50,0.01,0.7,2
SimulatedAnnealing,T50_a0.7_i2,small_02.txt,3,8,6,555,40,4,0,0,0.666,49,50,0.01,0.7,2
SimulatedAnnealing,T50_a0.7_i2,small_02.txt,3,8,7,321,30,3,0,0,0.665,49,50,0.01,0.7,2
SimulatedAnnealing,T50_a0.7_i2,small_02.txt,3,8,8,808,30,3,0,0,0.694,49,50,0.01,0.7,2
SimulatedAnnealing,T50_a0.7_i2,small_02.txt,3,8,9,777,40,4,0,0,0.723,49,50,0.01,0.7,2
SimulatedAnnealing,T50_a0.7_i2,small_02.txt,3,8,10,2024,40,4,0,0,0.666,49,50,0.01,0.7,2
SimulatedAnnealing,T50_a0.7_i3,small_02.txt,3,8,1,42,40,4,0,0,1.106,73,50,0.01,0.7,3
SimulatedAnnealing,T50_a0.7_i3,small_02.txt,3,8,2,7,40,4,0,0,1.058,73,50,0.01,0.7,3
SimulatedAnnealing,T50_a0.7_i3,small_02.txt,3,8,3,13,30,3,0,0,0.999,73,50,0.01,0.7,3
SimulatedAnnealing,T50_a0.7_i3,small_02.txt,3,8,4,99,30,3,0,0,0.985,73,50,0.01,0.7,3
SimulatedAnnealing,T50_a0.7_i3,small_02.txt,3,8,5,1234,40,4,0,0,0.986,73,50,0.01,0.7,3
SimulatedAnnealing,T50_a0.7_i3,small_02.txt,3,8,6,555,40,4,0,0,1.076,73,50,0.01,0.7,3
SimulatedAnnealing,T50_a0.7_i3,small_02.txt,3,8,7,321,30,3,0,0,1.008,73,50,0.01,0.7,3
SimulatedAnnealing,T50_a0.7_i3,small_02.txt,3,8,8,808,30,3,0,0,0.982,73,50,0.01,0.7,3
SimulatedAnnealing,T50_a0.7_i3,small_02.txt,3,8,9,777,40,4,0,0,0.99,73,50,0.01,0.7,3
SimulatedAnnealing,T50_a0.7_i3,small_02.txt,3,8,10,2024,40,4,0,0,0.974,73,50,0.01,0.7,3
SimulatedAnnealing,T50_a0.7_i5,small_02.txt,3,8,1,42,30,3,0,0,1.865,121,50,0.01,0.7,5
SimulatedAnnealing,T50_a0.7_i5,small_02.txt,3,8,2,7,30,3,0,0,1.767,121,50,0.01,0.7,5
SimulatedAnnealing,T50_a0.7_i5,small_02.txt,3,8,3,13,30,3,0,0,1.691,121,50,0.01,0.7,5
SimulatedAnnealing,T50_a0.7_i5,small_02.txt,3,8,4,99,30,3,0,0,1.79,121,50,0.01,0.7,5
SimulatedAnnealing,T50_a0.7_i5,small_02.txt,3,8,5,1234,30,3,0,0,1.661,121,50,0.01,0.7,5
SimulatedAnnealing,T50_a0.7_i5,small_02.txt,3,8,6,555,40,4,0,0,1.665,121,50,0.01,0.7,5
SimulatedAnnealing,T50_a0.7_i5,small_02.txt,3,8,7,321,40,4,0,0,1.652,121,50,0.01,0.7,5
SimulatedAnnealing,T50_a0.7_i5,small_02.txt,3,8,8,808,40,4,0,0,1.606,121,50,0.01,0.7,5
SimulatedAnnealing,T50_a0.7_i5,small_02.txt,3,8,9,777,40,4,0,0,1.607,121,50,0.01,0.7,5
SimulatedAnnealing,T50_a0.7_i5,small_02.txt,3,8,10,2024,40,4,0,0,1.604,121,50,0.01,0.7,5
SimulatedAnnealing,T50_a0.9_i2,small_02.txt,3,8,1,42,30,3,0,0,2.424,163,50,0.01,0.9,2
SimulatedAnnealing,T50_a0.9_i2,small_02.txt,3,8,2,7,30,3,0,0,2.211,163,50,0.01,0.9,2
SimulatedAnnealing,T50_a0.9_i2,small_02.txt,3,8,3,13,40,4,0,0,2.313,163,50,0.01,0.9,2
SimulatedAnnealing,T50_a0.9_i2,small_02.txt,3,8,4,99,30,3,0,0,2.247,163,50,0.01,0.9,2
SimulatedAnnealing,T50_a0.9_i2,small_02.txt,3,8,5,1234,40,4,0,0,2.209,163,50,0.01,0.9,2
SimulatedAnnealing,T50_a0.9_i2,small_02.txt,3,8,6,555,30,3,0,0,2.213,163,50,0.01,0.9,2
SimulatedAnnealing,T50_a0.9_i2,small_02.txt,3,8,7,321,30,3,0,0,2.234,163,50,0.01,0.9,2
SimulatedAnnealing,T50_a0.9_i2,small_02.txt,3,8,8,808,30,3,0,0,2.232,163,50,0.01,0.9,2
SimulatedAnnealing,T50_a0.9_i2,small_02.txt,3,8,9,777,30,3,0,0,2.233,163,50,0.01,0.9,2
SimulatedAnnealing,T50_a0.9_i2,small_02.txt,3,8,10,2024,30,3,0,0,3.305,163,50,0.01,0.9,2
SimulatedAnnealing,T50_a0.9_i3,small_02.txt,3,8,1,42,30,3,0,0,3.726,244,50,0.01,0.9,3
SimulatedAnnealing,T50_a0.9_i3,small_02.txt,3,8,2,7,30,3,0,0,3.398,244,50,0.01,0.9,3
SimulatedAnnealing,T50_a0.9_i3,small_02.txt,3,8,3,13,30,3,0,0,3.278,244,50,0.01,0.9,3
SimulatedAnnealing,T50_a0.9_i3,small_02.txt,3,8,4,99,30,3,0,0,3.276,244,50,0.01,0.9,3
SimulatedAnnealing,T50_a0.9_i3,small_02.txt,3,8,5,1234,30,3,0,0,3.496,244,50,0.01,0.9,3
SimulatedAnnealing,T50_a0.9_i3,small_02.txt,3,8,6,555,40,4,0,0,3.321,244,50,0.01,0.9,3
SimulatedAnnealing,T50_a0.9_i3,small_02.txt,3,8,7,321,30,3,0,0,3.351,244,50,0.01,0.9,3
SimulatedAnnealing,T50_a0.9_i3,small_02.txt,3,8,8,808,30,3,0,0,3.286,244,50,0.01,0.9,3
SimulatedAnnealing,T50_a0.9_i3,small_02.txt,3,8,9,777,30,3,0,0,3.3,244,50,0.01,0.9,3
SimulatedAnnealing,T50_a0.9_i3,small_02.txt,3,8,10,2024,40,4,0,0,3.517,244,50,0.01,0.9,3
SimulatedAnnealing,T50_a0.9_i5,small_02.txt,3,8,1,42,30,3,0,0,5.657,406,50,0.01,0.9,5
SimulatedAnnealing,T50_a0.9_i5,small_02.txt,3,8,2,7,30,3,0,0,5.546,406,50,0.01,0.9,5
SimulatedAnnealing,T50_a0.9_i5,small_02.txt,3,8,3,13,30,3,0,0,5.599,406,50,0.01,0.9,5
SimulatedAnnealing,T50_a0.9_i5,small_02.txt,3,8,4,99,30,3,0,0,5.398,406,50,0.01,0.9,5
SimulatedAnnealing,T50_a0.9_i5,small_02.txt,3,8,5,1234,30,3,0,0,5.485,406,50,0.01,0.9,5
SimulatedAnnealing,T50_a0.9_i5,small_02.txt,3,8,6,555,30,3,0,0,5.558,406,50,0.01,0.9,5
SimulatedAnnealing,T50_a0.9_i5,small_02.txt,3,8,7,321,30,3,0,0,5.514,406,50,0.01,0.9,5
SimulatedAnnealing,T50_a0.9_i5,small_02.txt,3,8,8,808,30,3,0,0,5.484,406,50,0.01,0.9,5
SimulatedAnnealing,T50_a0.9_i5,small_02.txt,3,8,9,777,30,3,0,0,6.051,406,50,0.01,0.9,5
SimulatedAnnealing,T50_a0.9_i5,small_02.txt,3,8,10,2024,30,3,0,0,5.426,406,50,0.01,0.9,5
SimulatedAnnealing,T100_a0.5_i2,small_02.txt,3,8,1,42,40,4,0,0,0.54,29,100,0.01,0.5,2
SimulatedAnnealing,T100_a0.5_i2,small_02.txt,3,8,2,7,40,4,0,0,0.408,29,100,0.01,0.5,2
SimulatedAnnealing,T100_a0.5_i2,small_02.txt,3,8,3,13,40,4,0,0,0.399,29,100,0.01,0.5,2
SimulatedAnnealing,T100_a0.5_i2,small_02.txt,3,8,4,99,40,4,0,0,0.506,29,100,0.01,0.5,2
SimulatedAnnealing,T100_a0.5_i2,small_02.txt,3,8,5,1234,60,4,0,1,0.507,29,100,0.01,0.5,2
SimulatedAnnealing,T100_a0.5_i2,small_02.txt,3,8,6,555,40,4,0,0,0.428,29,100,0.01,0.5,2
SimulatedAnnealing,T100_a0.5_i2,small_02.txt,3,8,7,321,30,3,0,0,0.402,29,100,0.01,0.5,2
SimulatedAnnealing,T100_a0.5_i2,small_02.txt,3,8,8,808,40,4,0,0,0.4,29,100,0.01,0.5,2
SimulatedAnnealing,T100_a0.5_i2,small_02.txt,3,8,9,777,40,4,0,0,0.396,29,100,0.01,0.5,2
SimulatedAnnealing,T100_a0.5_i2,small_02.txt,3,8,10,2024,50,5,0,0,0.393,29,100,0.01,0.5,2
SimulatedAnnealing,T100_a0.5_i3,small_02.txt,3,8,1,42,40,4,0,0,0.772,43,100,0.01,0.5,3
SimulatedAnnealing,T100_a0.5_i3,small_02.txt,3,8,2,7,40,4,0,0,0.598,43,100,0.01,0.5,3
SimulatedAnnealing,T100_a0.5_i3,small_02.txt,3,8,3,13,30,3,0,0,0.716,43,100,0.01,0.5,3
SimulatedAnnealing,T100_a0.5_i3,small_02.txt,3,8,4,99,40,4,0,0,0.704,43,100,0.01,0.5,3
SimulatedAnnealing,T100_a0.5_i3,small_02.txt,3,8,5,1234,40,4,0,0,0.593,43,100,0.01,0.5,3
SimulatedAnnealing,T100_a0.5_i3,small_02.txt,3,8,6,555,40,4,0,0,0.755,43,100,0.01,0.5,3
SimulatedAnnealing,T100_a0.5_i3,small_02.txt,3,8,7,321,30,3,0,0,0.787,43,100,0.01,0.5,3
SimulatedAnnealing,T100_a0.5_i3,small_02.txt,3,8,8,808,40,4,0,0,0.595,43,100,0.01,0.5,3
SimulatedAnnealing,T100_a0.5_i3,small_02.txt,3,8,9,777,60,4,0,1,0.651,43,100,0.01,0.5,3
SimulatedAnnealing,T100_a0.5_i3,small_02.txt,3,8,10,2024,40,4,0,0,0.725,43,100,0.01,0.5,3
SimulatedAnnealing,T100_a0.5_i5,small_02.txt,3,8,1,42,30,3,0,0,1.102,71,100,0.01,0.5,5
SimulatedAnnealing,T100_a0.5_i5,small_02.txt,3,8,2,7,30,3,0,0,1.228,71,100,0.01,0.5,5
SimulatedAnnealing,T100_a0.5_i5,small_02.txt,3,8,3,13,30,3,0,0,1.088,71,100,0.01,0.5,5
SimulatedAnnealing,T100_a0.5_i5,small_02.txt,3,8,4,99,30,3,0,0,0.963,71,100,0.01,0.5,5
SimulatedAnnealing,T100_a0.5_i5,small_02.txt,3,8,5,1234,40,4,0,0,0.971,71,100,0.01,0.5,5
SimulatedAnnealing,T100_a0.5_i5,small_02.txt,3,8,6,555,40,4,0,0,0.954,71,100,0.01,0.5,5
SimulatedAnnealing,T100_a0.5_i5,small_02.txt,3,8,7,321,40,4,0,0,0.961,71,100,0.01,0.5,5
SimulatedAnnealing,T100_a0.5_i5,small_02.txt,3,8,8,808,40,4,0,0,0.95,71,100,0.01,0.5,5
SimulatedAnnealing,T100_a0.5_i5,small_02.txt,3,8,9,777,40,4,0,0,0.961,71,100,0.01,0.5,5
SimulatedAnnealing,T100_a0.5_i5,small_02.txt,3,8,10,2024,40,4,0,0,0.951,71,100,0.01,0.5,5
SimulatedAnnealing,T100_a0.7_i2,small_02.txt,3,8,1,42,40,4,0,0,1.058,53,100,0.01,0.7,2
SimulatedAnnealing,T100_a0.7_i2,small_02.txt,3,8,2,7,40,4,0,0,0.859,53,100,0.01,0.7,2
SimulatedAnnealing,T100_a0.7_i2,small_02.txt,3,8,3,13,30,3,0,0,0.888,53,100,0.01,0.7,2
SimulatedAnnealing,T100_a0.7_i2,small_02.txt,3,8,4,99,40,4,0,0,0.885,53,100,0.01,0.7,2
SimulatedAnnealing,T100_a0.7_i2,small_02.txt,3,8,5,1234,40,4,0,0,0.747,53,100,0.01,0.7,2
SimulatedAnnealing,T100_a0.7_i2,small_02.txt,3,8,6,555,50,5,0,0,0.718,53,100,0.01,0.7,2
SimulatedAnnealing,T100_a0.7_i2,small_02.txt,3,8,7,321,40,4,0,0,0.719,53,100,0.01,0.7,2
SimulatedAnnealing,T100_a0.7_i2,small_02.txt,3,8,8,808,30,3,0,0,0.716,53,100,0.01,0.7,2
SimulatedAnnealing,T100_a0.7_i2,small_02.txt,3,8,9,777,50,5,0,0,0.711,53,100,0.01,0.7,2
SimulatedAnnealing,T100_a0.7_i2,small_02.txt,3,8,10,2024,40,4,0,0,0.717,53,100,0.01,0.7,2
SimulatedAnnealing,T100_a0.7_i3,small_02.txt,3,8,1,42,30,3,0,0,1.23,79,100,0.01,0.7,3
SimulatedAnnealing,T100_a0.7_i3,small_02.txt,3,8,2,7,30,3,0,0,1.066,79,100,0.01,0.7,3
SimulatedAnnealing,T100_a0.7_i3,small_02.txt,3,8,3,13,30,3,0,0,1.055,79,100,0.01,0.7,3
SimulatedAnnealing,T100_a0.7_i3,small_02.txt,3,8,4,99,30,3,0,0,1.063,79,100,0.01,0.7,3
SimulatedAnnealing,T100_a0.7_i3,small_02.txt,3,8,5,1234,40,4,0,0,1.055,79,100,0.01,0.7,3
SimulatedAnnealing,T100_a0.7_i3,small_02.txt,3,8,6,555,40,4,0,0,1.06,79,100,0.01,0.7,3
SimulatedAnnealing,T100_a0.7_i3,small_02.txt,3,8,7,321,40,4,0,0,1.062,79,100,0.01,0.7,3
SimulatedAnnealing,T100_a0.7_i3,small_02.txt,3,8,8,808,40,4,0,0,1.059,79,100,0.01,0.7,3
SimulatedAnnealing,T100_a0.7_i3,small_02.txt,3,8,9,777,50,3,0,1,1.064,79,100,0.01,0.7,3
SimulatedAnnealing,T100_a0.7_i3,small_02.txt,3,8,10,2024,40,4,0,0,1.088,79,100,0.01,0.7,3
SimulatedAnnealing,T100_a0.7_i5,small_02.txt,3,8,1,42,30,3,0,0,1.994,131,100,0.01,0.7,5
SimulatedAnnealing,T100_a0.7_i5,small_02.txt,3,8,2,7,30,3,0,0,1.849,131,100,0.01,0.7,5
SimulatedAnnealing,T100_a0.7_i5,small_02.txt,3,8,3,13,30,3,0,0,1.746,131,100,0.01,0.7,5
SimulatedAnnealing,T100_a0.7_i5,small_02.txt,3,8,4,99,30,3,0,0,1.745,131,100,0.01,0.7,5
SimulatedAnnealing,T100_a0.7_i5,small_02.txt,3,8,5,1234,40,4,0,0,1.754,131,100,0.01,0.7,5
SimulatedAnnealing,T100_a0.7_i5,small_02.txt,3,8,6,555,30,3,0,0,1.763,131,100,0.01,0.7,5
SimulatedAnnealing,T100_a0.7_i5,small_02.txt,3,8,7,321,40,4,0,0,1.763,131,100,0.01,0.7,5
SimulatedAnnealing,T100_a0.7_i5,small_02.txt,3,8,8,808,40,4,0,0,1.743,131,100,0.01,0.7,5
SimulatedAnnealing,T100_a0.7_i5,small_02.txt,3,8,9,777,30,3,0,0,1.783,131,100,0.01,0.7,5
SimulatedAnnealing,T100_a0.7_i5,small_02.txt,3,8,10,2024,30,3,0,0,1.745,131,100,0.01,0.7,5
SimulatedAnnealing,T100_a0.9_i2,small_02.txt,3,8,1,42,30,3,0,0,2.565,177,100,0.01,0.9,2
SimulatedAnnealing,T100_a0.9_i2,small_02.txt,3,8,2,7,30,3,0,0,2.72,177,100,0.01,0.9,2
SimulatedAnnealing,T100_a0.9_i2,small_02.txt,3,8,3,13,40,4,0,0,2.358,177,100,0.01,0.9,2
SimulatedAnnealing,T100_a0.9_i2,small_02.txt,3,8,4,99,30,3,0,0,2.361,177,100,0.01,0.9,2
SimulatedAnnealing,T100_a0.9_i2,small_02.txt,3,8,5,1234,30,3,0,0,2.363,177,100,0.01,0.9,2
SimulatedAnnealing,T100_a0.9_i2,small_02.txt,3,8,6,555,30,3,0,0,2.934,177,100,0.01,0.9,2
SimulatedAnnealing,T100_a0.9_i2,small_02.txt,3,8,7,321,40,4,0,0,2.417,177,100,0.01,0.9,2
SimulatedAnnealing,T100_a0.9_i2,small_02.txt,3,8,8,808,30,3,0,0,2.383,177,100,0.01,0.9,2
SimulatedAnnealing,T100_a0.9_i2,small_02.txt,3,8,9,777,30,3,0,0,2.391,177,100,0.01,0.9,2
SimulatedAnnealing,T100_a0.9_i2,small_02.txt,3,8,10,2024,30,3,0,0,2.366,177,100,0.01,0.9,2
SimulatedAnnealing,T100_a0.9_i3,small_02.txt,3,8,1,42,30,3,0,0,3.925,265,100,0.01,0.9,3
SimulatedAnnealing,T100_a0.9_i3,small_02.txt,3,8,2,7,40,4,0,0,3.862,265,100,0.01,0.9,3
SimulatedAnnealing,T100_a0.9_i3,small_02.txt,3,8,3,13,30,3,0,0,4.112,265,100,0.01,0.9,3
SimulatedAnnealing,T100_a0.9_i3,small_02.txt,3,8,4,99,30,3,0,0,3.552,265,100,0.01,0.9,3
SimulatedAnnealing,T100_a0.9_i3,small_02.txt,3,8,5,1234,30,3,0,0,3.545,265,100,0.01,0.9,3
SimulatedAnnealing,T100_a0.9_i3,small_02.txt,3,8,6,555,30,3,0,0,3.967,265,100,0.01,0.9,3
SimulatedAnnealing,T100_a0.9_i3,small_02.txt,3,8,7,321,30,3,0,0,3.755,265,100,0.01,0.9,3
SimulatedAnnealing,T100_a0.9_i3,small_02.txt,3,8,8,808,30,3,0,0,3.935,265,100,0.01,0.9,3
SimulatedAnnealing,T100_a0.9_i3,small_02.txt,3,8,9,777,30,3,0,0,3.549,265,100,0.01,0.9,3
SimulatedAnnealing,T100_a0.9_i3,small_02.txt,3,8,10,2024,30,3,0,0,3.673,265,100,0.01,0.9,3
SimulatedAnnealing,T100_a0.9_i5,small_02.txt,3,8,1,42,30,3,0,0,5.969,441,100,0.01,0.9,5
SimulatedAnnealing,T100_a0.9_i5,small_02.txt,3,8,2,7,40,4,0,0,5.823,441,100,0.01,0.9,5
SimulatedAnnealing,T100_a0.9_i5,small_02.txt,3,8,3,13,30,3,0,0,5.845,441,100,0.01,0.9,5
SimulatedAnnealing,T100_a0.9_i5,small_02.txt,3,8,4,99,30,3,0,0,5.816,441,100,0.01,0.9,5
SimulatedAnnealing,T100_a0.9_i5,small_02.txt,3,8,5,1234,40,4,0,0,5.962,441,100,0.01,0.9,5
SimulatedAnnealing,T100_a0.9_i5,small_02.txt,3,8,6,555,30,3,0,0,6.006,441,100,0.01,0.9,5
SimulatedAnnealing,T100_a0.9_i5,small_02.txt,3,8,7,321,30,3,0,0,5.864,441,100,0.01,0.9,5
SimulatedAnnealing,T100_a0.9_i5,small_02.txt,3,8,8,808,30,3,0,0,5.832,441,100,0.01,0.9,5
SimulatedAnnealing,T100_a0.9_i5,small_02.txt,3,8,9,777,30,3,0,0,5.944,441,100,0.01,0.9,5
SimulatedAnnealing,T100_a0.9_i5,small_02.txt,3,8,10,2024,30,3,0,0,5.868,441,100,0.01,0.9,5
SimulatedAnnealing,T200_a0.5_i2,small_02.txt,3,8,1,42,40,4,0,0,0.574,31,200,0.01,0.5,2
SimulatedAnnealing,T200_a0.5_i2,small_02.txt,3,8,2,7,40,4,0,0,0.5,31,200,0.01,0.5,2
SimulatedAnnealing,T200_a0.5_i2,small_02.txt,3,8,3,13,40,4,0,0,0.427,31,200,0.01,0.5,2
SimulatedAnnealing,T200_a0.5_i2,small_02.txt,3,8,4,99,40,4,0,0,0.426,31,200,0.01,0.5,2
SimulatedAnnealing,T200_a0.5_i2,small_02.txt,3,8,5,1234,60,4,0,1,0.422,31,200,0.01,0.5,2
SimulatedAnnealing,T200_a0.5_i2,small_02.txt,3,8,6,555,40,4,0,0,0.419,31,200,0.01,0.5,2
SimulatedAnnealing,T200_a0.5_i2,small_02.txt,3,8,7,321,40,4,0,0,0.422,31,200,0.01,0.5,2
SimulatedAnnealing,T200_a0.5_i2,small_02.txt,3,8,8,808,40,4,0,0,0.446,31,200,0.01,0.5,2
SimulatedAnnealing,T200_a0.5_i2,small_02.txt,3,8,9,777,60,4,0,1,0.421,31,200,0.01,0.5,2
SimulatedAnnealing,T200_a0.5_i2,small_02.txt,3,8,10,2024,50,5,0,0,0.429,31,200,0.01,0.5,2
SimulatedAnnealing,T200_a0.5_i3,small_02.txt,3,8,1,42,40,4,0,0,0.829,46,200,0.01,0.5,3
SimulatedAnnealing,T200_a0.5_i3,small_02.txt,3,8,2,7,40,4,0,0,1.032,46,200,0.01,0.5,3
SimulatedAnnealing,T200_a0.5_i3,small_02.txt,3,8,3,13,30,3,0,0,1.143,46,200,0.01,0.5,3
SimulatedAnnealing,T200_a0.5_i3,small_02.txt,3,8,4,99,40,4,0,0,0.923,46,200,0.01,0.5,3
SimulatedAnnealing,T200_a0.5_i3,small_02.txt,3,8,5,1234,40,4,0,0,1.074,46,200,0.01,0.5,3
SimulatedAnnealing,T200_a0.5_i3,small_02.txt,3,8,6,555,50,5,0,0,1.077,46,200,0.01,0.5,3
SimulatedAnnealing,T200_a0.5_i3,small_02.txt,3,8,7,321,40,4,0,0,0.648,46,200,0.01,0.5,3
SimulatedAnnealing,T200_a0.5_i3,small_02.txt,3,8,8,808,30,3,0,0,0.628,46,200,0.01,0.5,3
SimulatedAnnealing,T200_a0.5_i3,small_02.txt,3,8,9,777,30,3,0,0,0.706,46,200,0.01,0.5,3
SimulatedAnnealing,T200_a0.5_i3,small_02.txt,3,8,10,2024,40,4,0,0,0.767,46,200,0.01,0.5,3
SimulatedAnnealing,T200_a0.5_i5,small_02.txt,3,8,1,42,30,3,0,0,1.304,76,200,0.01,0.5,5
SimulatedAnnealing,T200_a0.5_i5,small_02.txt,3,8,2,7,30,3,0,0,1.835,76,200,0.01,0.5,5
SimulatedAnnealing,T200_a0.5_i5,small_02.txt,3,8,3,13,30,3,0,0,1.156,76,200,0.01,0.5,5
SimulatedAnnealing,T200_a0.5_i5,small_02.txt,3,8,4,99,40,4,0,0,1.023,76,200,0.01,0.5,5
SimulatedAnnealing,T200_a0.5_i5,small_02.txt,3,8,5,1234,30,3,0,0,1.028,76,200,0.01,0.5,5
SimulatedAnnealing,T200_a0.5_i5,small_02.txt,3,8,6,555,40,4,0,0,1.016,76,200,0.01,0.5,5
SimulatedAnnealing,T200_a0.5_i5,small_02.txt,3,8,7,321,40,4,0,0,1.028,76,200,0.01,0.5,5
SimulatedAnnealing,T200_a0.5_i5,small_02.txt,3,8,8,808,30,3,0,0,1.023,76,200,0.01,0.5,5
SimulatedAnnealing,T200_a0.5_i5,small_02.txt,3,8,9,777,40,4,0,0,1.388,76,200,0.01,0.5,5
SimulatedAnnealing,T200_a0.5_i5,small_02.txt,3,8,10,2024,30,3,0,0,1.134,76,200,0.01,0.5,5
SimulatedAnnealing,T200_a0.7_i2,small_02.txt,3,8,1,42,30,3,0,0,1.003,57,200,0.01,0.7,2
SimulatedAnnealing,T200_a0.7_i2,small_02.txt,3,8,2,7,40,4,0,0,0.833,57,200,0.01,0.7,2
SimulatedAnnealing,T200_a0.7_i2,small_02.txt,3,8,3,13,30,3,0,0,0.983,57,200,0.01,0.7,2
SimulatedAnnealing,T200_a0.7_i2,small_02.txt,3,8,4,99,30,3,0,0,0.782,57,200,0.01,0.7,2
SimulatedAnnealing,T200_a0.7_i2,small_02.txt,3,8,5,1234,40,4,0,0,0.77,57,200,0.01,0.7,2
SimulatedAnnealing,T200_a0.7_i2,small_02.txt,3,8,6,555,40,4,0,0,0.762,57,200,0.01,0.7,2
SimulatedAnnealing,T200_a0.7_i2,small_02.txt,3,8,7,321,40,4,0,0,0.779,57,200,0.01,0.7,2
SimulatedAnnealing,T200_a0.7_i2,small_02.txt,3,8,8,808,40,4,0,0,0.762,57,200,0.01,0.7,2
SimulatedAnnealing,T200_a0.7_i2,small_02.txt,3,8,9,777,40,4,0,0,0.773,57,200,0.01,0.7,2
SimulatedAnnealing,T200_a0.7_i2,small_02.txt,3,8,10,2024,40,4,0,0,0.768,57,200,0.01,0.7,2
SimulatedAnnealing,T200_a0.7_i3,small_02.txt,3,8,1,42,30,3,0,0,1.293,85,200,0.01,0.7,3
SimulatedAnnealing,T200_a0.7_i3,small_02.txt,3,8,2,7,30,3,0,0,1.401,85,200,0.01,0.7,3
SimulatedAnnealing,T200_a0.7_i3,small_02.txt,3,8,3,13,40,4,0,0,1.154,85,200,0.01,0.7,3
SimulatedAnnealing,T200_a0.7_i3,small_02.txt,3,8,4,99,40,4,0,0,1.215,85,200,0.01,0.7,3
SimulatedAnnealing,T200_a0.7_i3,small_02.txt,3,8,5,1234,40,4,0,0,1.146,85,200,0.01,0.7,3
SimulatedAnnealing,T200_a0.7_i3,small_02.txt,3,8,6,555,40,4,0,0,1.157,85,200,0.01,0.7,3
SimulatedAnnealing,T200_a0.7_i3,small_02.txt,3,8,7,321,40,4,0,0,1.186,85,200,0.01,0.7,3
SimulatedAnnealing,T200_a0.7_i3,small_02.txt,3,8,8,808,30,3,0,0,1.144,85,200,0.01,0.7,3
SimulatedAnnealing,T200_a0.7_i3,small_02.txt,3,8,9,777,30,3,0,0,1.153,85,200,0.01,0.7,3
SimulatedAnnealing,T200_a0.7_i3,small_02.txt,3,8,10,2024,40,4,0,0,1.139,85,200,0.01,0.7,3
SimulatedAnnealing,T200_a0.7_i5,small_02.txt,3,8,1,42,40,4,0,0,2.237,141,200,0.01,0.7,5
SimulatedAnnealing,T200_a0.7_i5,small_02.txt,3,8,2,7,30,3,0,0,2.071,141,200,0.01,0.7,5
SimulatedAnnealing,T200_a0.7_i5,small_02.txt,3,8,3,13,30,3,0,0,1.912,141,200,0.01,0.7,5
SimulatedAnnealing,T200_a0.7_i5,small_02.txt,3,8,4,99,30,3,0,0,1.909,141,200,0.01,0.7,5
SimulatedAnnealing,T200_a0.7_i5,small_02.txt,3,8,5,1234,30,3,0,0,1.9,141,200,0.01,0.7,5
SimulatedAnnealing,T200_a0.7_i5,small_02.txt,3,8,6,555,30,3,0,0,2.041,141,200,0.01,0.7,5
SimulatedAnnealing,T200_a0.7_i5,small_02.txt,3,8,7,321,30,3,0,0,1.968,141,200,0.01,0.7,5
SimulatedAnnealing,T200_a0.7_i5,small_02.txt,3,8,8,808,30,3,0,0,1.94,141,200,0.01,0.7,5
SimulatedAnnealing,T200_a0.7_i5,small_02.txt,3,8,9,777,40,4,0,0,1.97,141,200,0.01,0.7,5
SimulatedAnnealing,T200_a0.7_i5,small_02.txt,3,8,10,2024,40,4,0,0,1.938,141,200,0.01,0.7,5
SimulatedAnnealing,T200_a0.9_i2,small_02.txt,3,8,1,42,30,3,0,0,2.928,189,200,0.01,0.9,2
SimulatedAnnealing,T200_a0.9_i2,small_02.txt,3,8,2,7,40,4,0,0,2.559,189,200,0.01,0.9,2
SimulatedAnnealing,T200_a0.9_i2,small_02.txt,3,8,3,13,30,3,0,0,2.633,189,200,0.01,0.9,2
SimulatedAnnealing,T200_a0.9_i2,small_02.txt,3,8,4,99,30,3,0,0,2.566,189,200,0.01,0.9,2
SimulatedAnnealing,T200_a0.9_i2,small_02.txt,3,8,5,1234,40,4,0,0,2.547,189,200,0.01,0.9,2
SimulatedAnnealing,T200_a0.9_i2,small_02.txt,3,8,6,555,30,3,0,0,2.54,189,200,0.01,0.9,2
SimulatedAnnealing,T200_a0.9_i2,small_02.txt,3,8,7,321,30,3,0,0,2.53,189,200,0.01,0.9,2
SimulatedAnnealing,T200_a0.9_i2,small_02.txt,3,8,8,808,30,3,0,0,2.528,189,200,0.01,0.9,2
SimulatedAnnealing,T200_a0.9_i2,small_02.txt,3,8,9,777,30,3,0,0,2.534,189,200,0.01,0.9,2
SimulatedAnnealing,T200_a0.9_i2,small_02.txt,3,8,10,2024,30,3,0,0,3.754,189,200,0.01,0.9,2
SimulatedAnnealing,T200_a0.9_i3,small_02.txt,3,8,1,42,30,3,0,0,4.129,283,200,0.01,0.9,3
SimulatedAnnealing,T200_a0.9_i3,small_02.txt,3,8,2,7,30,3,0,0,3.774,283,200,0.01,0.9,3
SimulatedAnnealing,T200_a0.9_i3,small_02.txt,3,8,3,13,30,3,0,0,3.759,283,200,0.01,0.9,3
SimulatedAnnealing,T200_a0.9_i3,small_02.txt,3,8,4,99,30,3,0,0,3.944,283,200,0.01,0.9,3
SimulatedAnnealing,T200_a0.9_i3,small_02.txt,3,8,5,1234,30,3,0,0,3.78,283,200,0.01,0.9,3
SimulatedAnnealing,T200_a0.9_i3,small_02.txt,3,8,6,555,30,3,0,0,3.761,283,200,0.01,0.9,3
SimulatedAnnealing,T200_a0.9_i3,small_02.txt,3,8,7,321,30,3,0,0,3.759,283,200,0.01,0.9,3
SimulatedAnnealing,T200_a0.9_i3,small_02.txt,3,8,8,808,40,4,0,0,4.035,283,200,0.01,0.9,3
SimulatedAnnealing,T200_a0.9_i3,small_02.txt,3,8,9,777,30,3,0,0,4.242,283,200,0.01,0.9,3
SimulatedAnnealing,T200_a0.9_i3,small_02.txt,3,8,10,2024,30,3,0,0,3.8,283,200,0.01,0.9,3
SimulatedAnnealing,T200_a0.9_i5,small_02.txt,3,8,1,42,30,3,0,0,6.831,471,200,0.01,0.9,5
SimulatedAnnealing,T200_a0.9_i5,small_02.txt,3,8,2,7,30,3,0,0,6.331,471,200,0.01,0.9,5
SimulatedAnnealing,T200_a0.9_i5,small_02.txt,3,8,3,13,30,3,0,0,6.268,471,200,0.01,0.9,5
SimulatedAnnealing,T200_a0.9_i5,small_02.txt,3,8,4,99,30,3,0,0,6.598,471,200,0.01,0.9,5
SimulatedAnnealing,T200_a0.9_i5,small_02.txt,3,8,5,1234,30,3,0,0,6.274,471,200,0.01,0.9,5
SimulatedAnnealing,T200_a0.9_i5,small_02.txt,3,8,6,555,30,3,0,0,6.24,471,200,0.01,0.9,5
SimulatedAnnealing,T200_a0.9_i5,small_02.txt,3,8,7,321,30,3,0,0,6.355,471,200,0.01,0.9,5
SimulatedAnnealing,T200_a0.9_i5,small_02.txt,3,8,8,808,30,3,0,0,6.282,471,200,0.01,0.9,5
SimulatedAnnealing,T200_a0.9_i5,small_02.txt,3,8,9,777,30,3,0,0,6.471,471,200,0.01,0.9,5
SimulatedAnnealing,T200_a0.9_i5,small_02.txt,3,8,10,2024,30,3,0,0,8.127,471,200,0.01,0.9,5
