algoritmo,archivo,N,P,costoFinal,solucion,conflictosMachoMacho,conflictosMachoHembraCelo,enfermosFueraPrimeraFila,tiempoMs,solucionesEvaluadas
FuerzaBruta,small_01.txt,3,8,0,"[0, 2, 3, 1, 5, 4, 6, 8]",0,0,0,10319.547409992083,362880
FuerzaBruta,small_01.txt,3,8,0,"[0, 2, 3, 1, 5, 4, 6, 8]",0,0,0,10104.79164600838,362880
FuerzaBruta,small_01.txt,3,8,0,"[0, 2, 3, 1, 5, 4, 6, 8]",0,0,0,11439.236849008012,362880
FuerzaBruta,small_01.txt,3,8,0,"[0, 2, 3, 1, 5, 4, 6, 8]",0,0,0,11745.878265995998,362880
FuerzaBruta,small_01.txt,3,8,0,"[0, 2, 3, 1, 5, 4, 6, 8]",0,0,0,10579.465569011518,362880
FuerzaBruta,small_01.txt,3,8,0,"[0, 2, 3, 1, 5, 4, 6, 8]",0,0,0,10548.682976994314,362880
FuerzaBruta,small_01.txt,3,8,0,"[0, 2, 3, 1, 5, 4, 6, 8]",0,0,0,10683.278505995986,362880
FuerzaBruta,small_01.txt,3,8,0,"[0, 2, 3, 1, 5, 4, 6, 8]",0,0,0,10455.189108994091,362880
FuerzaBruta,small_01.txt,3,8,0,"[0, 2, 3, 1, 5, 4, 6, 8]",0,0,0,10304.485109008965,362880
FuerzaBruta,small_01.txt,3,8,0,"[0, 2, 3, 1, 5, 4, 6, 8]",0,0,0,10376.818403005018,362880
FuerzaBruta,small_02.txt,3,8,30,"[0, 2, 3, 1, 5, 4, 6, 8]",3,0,0,11302.450838004006,362880
FuerzaBruta,small_02.txt,3,8,30,"[0, 2, 3, 1, 5, 4, 6, 8]",3,0,0,11156.159539008513,362880
FuerzaBruta,small_02.txt,3,8,30,"[0, 2, 3, 1, 5, 4, 6, 8]",3,0,0,10751.806454994949,362880
FuerzaBruta,small_02.txt,3,8,30,"[0, 2, 3, 1, 5, 4, 6, 8]",3,0,0,10365.115565000451,362880
FuerzaBruta,small_02.txt,3,8,30,"[0, 2, 3, 1, 5, 4, 6, 8]",3,0,0,10706.524785011425,362880
FuerzaBruta,small_02.txt,3,8,30,"[0, 2, 3, 1, 5, 4, 6, 8]",3,0,0,10778.270886003156,362880
FuerzaBruta,small_02.txt,3,8,30,"[0, 2, 3, 1, 5, 4, 6, 8]",3,0,0,10780.47658399737,362880
FuerzaBruta,small_02.txt,3,8,30,"[0, 2, 3, 1, 5, 4, 6, 8]",3,0,0,10837.085759005276,362880
FuerzaBruta,small_02.txt,3,8,30,"[0, 2, 3, 1, 5, 4, 6, 8]",3,0,0,10120.256919006351,362880
FuerzaBruta,small_02.txt,3,8,30,"[0, 2, 3, 1, 5, 4, 6, 8]",3,0,0,10368.840780007304,362880
